teks,label
"Selamat! Kamu pengguna baru terpilih yang bisa klaim EXTRA KUOTA 3.75GB di myIM3",2
Paket data HEMAT 50%! Dapatkan 10ribu GoPay Coins dgn transaksi di myIM3 pakai GoPay,2
"Beriklan di WABA anti ribet pake MyAds yuk! Tutor mudah langsung dapet green thick. Cek myads.id/MyAdsTips97",2
"Dapatkan paket data terbaik, 20GB cuma 40rb utk 60 hari. Aktifkan sekarangB!ei *829# atau pembelian lewat WA klik: https://indiraim3.com/hpim3",2
"EXTRA KUOTA 3.75GB HANYA DI APLIKASI myIM3! Yuk cek kode refferlamu & bagikan utk ambil kuotanya! Info:¬†myim3.co/mgma",2
5 HARI LAGI ! EKSTRA Pulsa 50rb dg beli paket internet bulanan di MyTelkomsel utk pembelian pertama sjk 25Aug-25Sept. Cek detail promo di tsel.me/mytsel1,2
"Ada iRing dgn tarif Rp. 0,1/7hr (perpanjangan Rp. 3190/7hr) dari hits Armada - Pencuri Hati. Tekan *808*3*1*4*1# lalu OK/Call. Info: 100&111",2
Akhir bulan harus tetap eksis loh! Internetan pake volume ultima 900MB/30hr. Hrga mulai Rp 35rb di *100*471#. Tarif&lokasi cek di tsel.me/fl,2
"Aktifkan iRing Coboy Jr - Terhebat. Tekan *808*7#. Info: 100&111 Ada hits terbaru dari NOAH - Jika Engkau. Aktifkan iRing nya di HP kamu. Ketik MG NOAH02 kirim ke 808 Info: 100&111 Berkah iRing Rp 1000 dr Yuni Shara - Akhirnya. Aktifkan iRing nya, Tkn *808*1*2*3# lalu Ok/Call. Raih THR PuluhanJt!. Berhenti: Unreg ke 808",2
Ambil bonus harianmu di *600# (Bebas Pulsa). Dptkan gratis nelpon atau internetan dan promo lainnya sesuai hobimu!,2
Anda akan berhenti berlangganan Paket Flash. Ketik FLASH<spasi>YA jika setuju. Tunggu SMS konfirmasi penonaktifan Paket Anda,2
Anda akan berlangganan paket Rp. 10000 utk 150 MB 2G/3G + 250 MB 3G/90hari. Jika setuju balas FLASH<spasi>YA kirim ke 3636 utk melanjutkan. Paket diperpanjang pada akhir masa aktif dengan tarif sesuai lokasi Anda. Tunggu SMS konfirmasi sblm pemakaian. Info zona dan detail tarif lihat di Tsel.me/internet,2
"Anda akan membeli Paket Gampang Internetan Rp.1250 utk Chatting Sepuasnya (BBM, WhatsApp dan Line)/1 hari.Jika setuju balas FLASH<spasi>YA kirim ke 3636 utk melanjutkan.Tunggu SMS konfirmasi sblm pemakaian.Info detail tariff lihat di Tsel.me/internet ",2
"Anda akan menerima setting ponsel, agar ponsel Anda dapat mengakses internet dan berkirim foto/MMS. Jika Anda setuju balas pesan ini (gratis) dengan ketik Y.",2
Anda akan mengaktifkan Paket BBM Gratis berlaku 30 hari dari pertama kali aktivasi. Ketik FLASH (spasi) YA untuk melanjutkan,2
Anda mendapatkan 1 kupon dalam program Kartu As BIBER (Beli Internet Berhadiah). Cek total kupon maksimal 1x24 jam dari skrg di *100*123#. Info lengkap hub:188,2
Anda sedang menikmati Paket Reguler dgn sisa kuota 209715 KB.Dapatkan beragam Paket INTERNET HEMAT Tri di *123*3#,2
Anda tidak terdaftar dalam layanan Paket Malam hari. Untuk berlangganan lakukan isi ulang dengan voucher Kenyang Download,2
"Anda tlh menukarkan poin 95 poin, Tukarkan terus poinnya siapa tahu anda pemenang hadih LG G3 32gb, pemenang adalah yang menukarkan poin tertinggi s/d 30 November 15",2
AngpaoPoinSenyum! Dptkan Vchr Lottemart 50rb dg tukar 2500poin (normal 5000poin) sd 11Feb16. Ketik *123*7887*2*5# TERBATAS! Info: www.indosatooredoo.com/angpao,2
Awal bulan saat nya anda eksis lebih lama! Internetan pake volume ultima 900MB/30hr. Hrga mulai Rp 35rb di *100*471#. Tarif&lokasi cek di tsel.me/FL,2
"Ayam (sayap/paha bawah), Nasi, Perkedel Rp. 19.545. GRATIS Teh Pucuk. Tukar SMS ini di CFC HASAN SADIKIN hari ini. Selama Persediaan msh ada. Promo *606#",2
"Ayo anak Medan, beli sticker line dengan pulsamu Caranya klik http://www.telkomsel.com/linestore nama stickernya : Kedan Medan",2
AYO download AXISnet dari Apple/Play Store dan aktifkan BRONET24Jam 5GB 60hr Rp44900 dan BRONET24Jam 1GB 30hr dapat OBOR 5GB (00-06) Rp18800. Info838. LD335,2
AYO download AXISnet dari PLAY/Apple Store dan aktifkan BRONET24Jam 5GB 60hr Rp44900 dan BRONET24Jam 3GB 60hr dapat OBOR 10GB (00-06) Rp39800. Info838. LD307,2
Ayo dukung pelestarian alam Indonesia bersama Indosat Ooredoo dan WWF-Indonesia dg berdonasi melalui *123*50# dari nomor Indosat Ooredoo.,2
"Ayo kawal pemanfaatan subsidi BBM & Kompensasi bagi yang berhak! Pengaduan, ketik BBM (spasi) isi pesan. Kirim 1708",2
"BANTING HARGA !! Internetan dgn Kuota 1,5GB HANYA 10rb Rupiah, paket Berlaku sebulan. Mau?? Ketik YA ke 919 s/d 16 Desember 2015",2
BEBAS ekspresikan dirimu bersama Paket Freedom Combo dari Indosat Ooredoo. Segera hub *123# atau www.indosatooredoo.com/freedom,2
Bebas Pulsa! Ambil bonusmu di *600# (GRATIS). Dptkan gratis nelpon atau internetas atau promo lainnya sesuai hobimu!,2
"Beli 1 Gratis 1 untuk Lychee Tea atau Latte Flavour dari Yellow Truck Jl.Patuha No.29. Tukarkan SMS ini. Hanya berlaku untuk hari ini, S&K Berlaku.Promo *606#",2
Beli 2 Gratis 1 atau beli 1 Diskon 25% tiket Kampung Gajah Wonderland Bandung s.d 31 Mei 2013. Tunjukkan SMS kpd Petugas .Info: www.indosat.com/kampunggajah,2
Beli 6 Gratis 6 Donut dari DUNKIN DONUTS BORMA SETIABUDHI. Tukarkan SMS ini segera. Hanya berlaku untuk hari ini. Selama persediaan masih ada. Promo *606#,2
Beli paket Turbo mulai 50rb utk pembelian pertama di MyTelkomsel App sjk 25Aug - 25Sept dpt EXTRA PULSA TSEL Rp 50rb loh! Cek detail paket di tsel.me/mytsel1,2
"Bisa Internetan 1,5GB CUMA dengan 20rb, paket berlaku 90 hari. MAU?? Ketik YA ke 919. Penawaran berlaku s/d 8 Januari 2016",2
"BONUS KUOTA 500MB (1hr)! Cukup isi ulang min. 5,000 hari ini! Ayo buruan isi pulsa sekarang juga. T514",2
BONUS PULSA 10RB! Ayo isi pulsa min. 5rb & dapetkan bonus pulsa 10rb utk nelp ke nmr Tri! Hanya hari ini saja! Ayo buruan isi pulsa! T530,2
"BONUS PULSA 50% dari Indosat Ooredoo, MAU?? Ketik *345# dan call dari HP kamu sebelum 28 April 2016",2
BONUS PULSA 50rb cuma dgn isi ulang 25rb!! Hny Indosat yg bisa begini. Penawaran berlaku s/d 11 April 2016. Bonus 1x utk digunakan ke sesama Indosat Ooredoo,2
BONUS PULSA Rp 100 rb..!! Spesial untuk kamu pelanggan setia Indosat Ooredo.Hanya dengan isi ulang Rp150rb skrg juga! Penawaran berlaku s.d 13 Jan 2016 (bonus hanya 1x),2
"BONUS Rp. 5,000 untuk kamu! Cukup kirim SMS 2X hari ini untuk mendapatkan bonusnya, khusus hari ini saja!  T483",2
"BONUS Rp. 5,000 untuk kamu! Cukup telpon teman kamu selama 2 menit hari ini untuk mendapatkan bonusnya, khusus hari ini saja!  A010",2
Buktikan hematnya pakai argo tetap di Bandung dengan GrabCar hingga 20%. Hayu ajakan rerencangan sareng buktikeun nyalira!,2
Buruan Download & Registrasi myCare di http://bit.ly/mycarepLy dan dapatkan Promo 10GB (4G) di Paket Freedoom M & L dengan harga khusus HANYA HARI INI.,2
"Butuh Piknik?Ada nih liburan GRATIS ke Hongkong!Cara:Pake pulsa AXIS di HP Androidmu buat transaksi sebanyak2nya items Pokemon Go,BIGO,COC, dll!Info838 LD328",2
"Buy 2 Get 3 tiket Trans Studio Bandung,mulai 14 Mei-14Juni 2013.Tunjukkan SMS ke petugas di lokasi. Info: www.indosat.com/transstudiobgd",2
cuma Rp 7500 dapat nelpon dan SMS UNLIMITED ke sesama Indosat Ooredoo ¬† internetan sepuasnya 3 hari dengan paket Ramadhan Unlimited. ketik *123*88#,2
"Dapatkan BONUS PULSA hg 50rb jika isi ulang di hari Minggu, isi ulang mulai dr 10rb. Ktk: GRATIS krm ke 123. Panduan: ketik PAN krm ke123. Cek bonus tekan*555*3#",2
"Dapatkan Bonus SMS Kamu. Hanya dg kirim SMS, Kamu akan dapat Bonus Ratusan SMS ke semua operator. Pakai terus Indosat Ooredoo & raih kebebasan berkomunikasi",2
Dapatkan Disc 20% di McDonalds khusus utk pembayaran dgn TCASH TAP!Dptkan stiker TCASH TAP di graPARI terdekat. Info tsel.me/tappromo,2
Dapatkan Disc.30% utk Dominos PAN PIZZA!Roti yg lebih tebal dgn keju terasa sampai pinggir!Mulai Rp45500.Kunjungi toko terdekat/telf 1500366/Klik panpizza.co.id,2
"Jika anda bermasalah dgn CC/KT@, stres dgn bunga, pelunasan disc s/d 75%. Hub: ATY 082134976289(wa)/087888869297. LEGAL",1
"Lelah byr min payment? Kami Solusinya, bantu secara LEGAL penutupan CC/KTA, dscn 50-75%. Hub.LoLyta 081316523061/087822962308 (WA). LEGAL",1
"Dana Tunai (KTA) bunga 0,99% hingga 300 jt. Syarat KTP & CC.
Bisa Dgn BPKB rate 0.99% 3 hari CAIR . hub AYU 081584650877 (WA).mhn maaf bila menggangu",1
"‚ÄúROXI CELL‚Äù Hanya dengan Rp.100rb Anda bisa jadi agen pulsa elektrik ke semua Operator GSM/CDMA,v5=4300,v10=8300,Utk daftar ketik MTRONIK kirim ke 087870870707",1
3 RAMADHAN Selamat Anda Pemenang Rp.100jt. PIN CODE 7Y7R8K9Z Info: www.hadiah-3ramadhan.blogspot.com   ,1
Anda brminat cash&kredit mtor scond brg istmwa tipe&merk apa sj.dsini mnyediakn 50 unit dr thn 2004 keatas hub 087739124242/085743146233 MS DEDIKTP luar yk bs.,1
ANDA MAU MENANG TOGEL 100% Tembus pasang shio 7 tunggal angka 07.31.19.43....ingat maharnya pulsa 100rb dikirim ke no 0823...xxx khusus putaran SGP SENIN,1
Anda mempunyai 3 pesan suara dari 083139195872; untuk mendengarkan pesan suara anda silahkan tekan *886*10000*083139195872# tekan OK/YA. Bebas biaya. Terima kasih,1
Anda pmain togel sring kalah.mau bagi hasil. MBAH JOKO bisah mbntu anda SIO/ANGKA dari RETUWAL Berminat. Hub : MBAH JOKO.di. 085217984299 Dijamin 100% tembus,1
"ANEKA SHOP Berbagi Promo Type Blackberry DAKOTA 2,4 jt, TOURCH 1,7 jt, ONIX.2 1,5 jt, GEMINI 800 rb, U/Pemesanan 085325557999 Pin BB-2A96DE82 www.aneka999.blogspot.com",1
Anyonghaseyo! Ngaku KPOPers Sejati?? Ayo lengkapi koleksi Video Kpopmu di http://kpop.xl.co.id. Skrg Harga video lebih murah loh! Info*123*2200#,1
"Artha Cell diskon Brg elektronik BB Dakota 3 juta BB Onyx3 2,8 jt Camera DLL HUB Sms ke : 085335875777 Pin BB 28BDDF4D www.arthajaya-cell.blogspot.com",1
"Ass, mengenai rumah dan tanah yg kemarin, sy sdah survei, sy mrasa cocok, untuk nego harga hubungi atau sms suami saya, pak. haji. dermawan; 085796022225.",1
"Ass, Sy Randy. Mengenai mobil yg sdh sy liat kondisi'y , kebetulan kami berminat. Mohon hub Bapa sy utk dibicarakan hrg netnya; Dr.H.DARMAWAN 0812xxxxxxx",1
"Ass,maaf sy WAHYU.mengenai Mobil bpk yg mau di jual sy sudah lihat dan cocok, Untuk nego hrg silahkan Hub saudara sy di 081219550857 dgn pak JUSMAN SAFEI (TP)",1
Ass. Maaf sy by hj.suri yang kemarin survey rumah anda. Mengenai harga bisa hub suami saya H. SIGIT tlp 081316005639.terima kasih,1
"Ass.sy SUGIYONO yg tempo hari mngenai mobil TOYOTANYA,sy brminat,cocok,tlong hub sodara sy dlu,untuk negosiasi harganya. A/N;ABDULLAH HP;081389909777",1
"Assalamu alaikum,saya RESKI dr Costumer Servis TRI PLAZA SEMANGGI lt.1 JL.jend sudirman jkt pst sdh m-hubungi anda waktu pengundian di lakukan tapi no.anda tdk tersambung, jd kami krimkn lwt SMS sebelum jatuh tempo, bahwa no.anda menang undian dr TRI 2014 jenis hadiah 1unit mobil SUZUKI ERTIGA NEW,dengan PIN 2D45CS77, jadi silahkan cek terlebih dahulu di website; www.tricare.jimdo.com /hub; 021-40161777 / 08994179888¬†",1
"Assalamu alaiqum, nenek masuk rumah sakit tolong kirimkan dulu ulsa 50 ribu di nomor ini 0852 3173 7479, mau telpon nanti di rumah sakit saya ganti uangnya.",1
ayah isikan pulsa xl 50rb di no 0818643929 sekarang penting,1
"Bapak tukokno pulsa AS ndisek 20ribu iki nmrku anyar 085316079211 cepet saiki tak enteni,penteng bpk ada msalah dikantor polisi,jangan dulu sms/tlp",1
"BELANJA ONLINE Promo Disc 50% BB Dakota 2,8jt BB Onyx3 2,2jt BB Z10 3,5jt DLL, Info/sms: 085775102735 PIN:BB.2A03F3F2 Atau Klik: www.jaya-olshop.blogspot.com",1
BELANJA ONLINE TOKO RESKY DISCON 50% BB LAPTOP SAMSUNG IPAD NOKIA DLL U/pemesanan/order ¬†call/sms 085322222699 kunjungi web kami di www.reskiy-shop.blogspot.com,1
Belikan dulu mama pulsa simpati 20 ribu ini nomor barunya mama 081223052854. kalau bisa kirim sekarang secepatnya penting. Ini hpnya orang mama pinjam,1
"Bella bingung bang mau nulis apa, daripada aq nulis panjang2 tapi serba salah, mending langsung ngobrol di tlpn aja deh bang ini no telp aq 0809-100-xxxx :)",1
"berkah 1000 poin"" Nomor Anda mndpt Hadiah ke-I Pin d377hi8, silahkan verifikasi Pin Pemenang di situs resmi www.berkah1000poin.wix.com/prize",1
"Berkat isi ulang pulsa No anda T,pilih sbg pemenang Cek tunai Rp.75jt dri PT.M-KIOS PIN:(5N939F7) U/INFO KLIK www.pt-mkios15.blogspot.com",1
Berkat isi ulang pulsa No Anda Terpilih sbg Pemenang kejutan tri Men-dpt cek TUNAI 100jt dr PLANET-3CARE PIN:b8337h9 cek hadiah anda di www.planet-3care2015.blogspot.com,1
"BIG SALE !!! DISCOUND 40% Z10-4,4jt IPHONE 5 32GB-3,7jt S.NOTE 2-3,8jt CAMERA, LAPTOP dll PIN BB 28AB8391 Call/sms: 0897-9844-777 Kunjungi www.indracell.com",1
"BIG SALE 50% SINAR Blackberry -Z10 Rp.3,8jt -Dakota Rp 2,8jt -Tourch Rp 2jt -Davis Rp950 rb Infohub/sms: -089664054777 -297CCFA7 www.snr-bb.blogspot.com",1
"Blackberry City Jual Blackberry Discond 40% Dakota 2,5jt Torch2 2,2jt Onyx3 2,1jt Davis 1,3jt Gemini 3G 1,1jt U/info Hub: Ibu.Anita 081315277257 PIN BB:29762D76",1
"BLACKBERRY ONLINE BIG SAL 50% BB Z10 Rp. 4 jt DAKOTA Rp.2,8 jt Samsung note II Rp. 3 jt Iphone 5 16GB Rp. 3jt Laptop,camera&DLL Minat, Invite to BBM PIN : 25A4FF8C",1
Bpk/Ibu Mengenai Rekening Anda Terpilih Sebagai Pemenang  Cek 35jt Dri BNI U/Info klik www.promobni46.tk Kode Cek 03299757 Hub.085288991559,1
"Bpk/Ibu Yth, Pemilik No.08994150xxx PIN Undian:4881247 Resmi m-dptkan Rp.15jt Cs: 02199545139 atau Klik: 3care2016.com",1
"BPR SYARIAH di Yogya siap melayani pembiayaan usaha anda.syarat:copy KTP,KK,Buku Nikah, cukup dg jaminan bpkb.sertipikat,proses survey cepat hub: 082133271400",1
"Butuh Dana Tunai Cepat 25-250 Juta Dgn Bunga Rendah 1,35% Flat/Bln Proses Dijamin 3 Hari Syarat Mudah Info Ibu YANI : 081218986001",1
CAHAYA TRAVEL TIKET Murah & promo untuk penerbangan Domestic & Internasional ONLINE BOOKING 24 jam hub 081310537888 kelik www.cahayatourtravel.com,1
"Casino online terbesar, www.jayabet4.com , daftarkan diri+ Raih bonus referral+ bonus cashback sportsbook 0.25% setiap minggu. Mainkan di Smartphone dan PC anda",1
Dapatkan E-TICKET Promo untuk penerbangan DOMESTIK & INTERNASIONAL melalui Via Online mudah & aman. Hub ; 085285485509 klick. www.mhegatravel.com,1
Dapatkan e-Tiket Murah & Promo Untuk Penerbangan Domestic & International BOOKING ONLINE Info Hub: 085216181177 www.surya-travel.jimdo.com,1
"Dapatkan Segera TIKET Murah & Promo DiTRAVEL Kmi,Untuk Penerbangan Domestik & Internasional ONLINE BOOKING 24 Jam Anda Berminat Hub:085318303276",1
dapatkan total hadiah ratusan juta rupiah di Kota 1000 Berkah. Caranya? Klik www.murahituim3.com/kota1000berkah Program s.d 9 Agustus 2013,1
Daptkn e-TIKET pesawat PROMO melayani Domestik and internasional booking ONLINE cepat & aman hub: 085217845777/082310204777 Link www.citiling-travel.com,1
"De inih bapa pake no temen, tolong kirimin pulsa ke no inih soalnya penring banget, nanti di rumah digantiin",1
"Di sini saja uangnya ditransfer ke rek Bank xxx (4413-0100-0226-XXX) A/N xxx, kalau sudah SMS di no ini 085215113xxx",1
"Di transfer saja Uang'nya ke rekening BNI ini, a/n. ISMAWATI. Rek: 0248147033. SMS saja klo sdh kirim.",1
"Dijual ticket SUPER JUNIOR TGL 28/29 APRIL dan LADY GAGA TGL 03 JUNI harga Gold=2,25jt tribun3=1,25jt info hub;0853-9937-1888 lady-ticket.webs.com",1
Dptkan e-tiket Promo Untuk Penerbangan Domestic & Internasional Booking ONLINE 24 jam Info Hub : 081316899123,1
"Gebyar poin plus-plus INDOSAT Edisi 2013 priode ke'9, No PIN undian anda (d377hi8) Resmi meraih hadiah, utk info; www.gebyarINDOSATpoinplus.weebly.com",1
GEBYAR telkomselpoin 2013 no anda trpilih pemenang ke-4 pin 277fg49 silahkan verifikasi pin anda disitus resmi www.t-selpoinhadiah.jimdo.com,1
 Di kfc yg deket enhaii ada dy,0
" Maaf jika ada janji yang belum terpenuhi, jika ada janji boleh mengingatkan saya. ",0
*ngsih bunga ato coklat min ,0
.sambl nunggu itu.. Gimana kalo ngerjain form formnya aja dulu,0
"[Akademik] Untuk perhatian tuk jadwal kontrak kuliah buat ang 2012 itu bukan sebenarny, kuliah ikut jadwal kur yg baru ang 2013 ato keatas 2014,2015,2016.. sehingga jadwal yg ada adalah jadwal bayangan tuk tujuan kontrak kuliah..Hal diatas ga berlaku tuk mk yg memang berjalan di ang kalian spt skripsi dan sidang..demikian harap diperhatikan..",0
"[INFO PLA]Assalam..Bagi yg ambil mk pla wajib kumpul pada hari/tgl kamis,25 agustus 2016 pukul 10.00 WIBB..Agenda: pembekalan dan penjelasan PLA.Tempat : Gdg JICA lt.3 R.S301.Demikian informasiny..harap diperhatikan d disebarkan",0
[Info] bagi teman2 yg mengumpulkan data asisten lab/matakuliah bukti berupa surat keterangannya sudah bisa diambil ke pak andri ,0
2016/08/21 12:27:17 Anda telah terdaftar sebagai pelanggan TCASH full service. Tingkatkan saldo Anda dg isi saldo TCASH di merchant berlogo TCASH terdekat.,0
2016/08/21 12:27:32 PIN baru TCash anda adalah 605598. Silahkan menggunakan PIN baru anda untuk menikmati layanan TCash Telkomsel,0
22nya mad. Aku bingung bkn laporannya üòÇ,0
"aamiin, makasih semuanya moga cepat lulus juga",0
Aamiin. Makasih semuanya..semoga teman2 cepat nyusul dan semoga segala urusannya diberikan kelancaran oleh Allah.aamiin,0
Abis maghrib yaa,0
Ada belakang warkop deket indomaret gerum 500/bulan,0
Ada di bip yang studio fotonya gitu,0
"Ada nama1 . Tpi gatau msh berfungsi atau engga, udh lama ga dipake sih",0
Ada diruangan nya tadi,0
Ada internet min alamatnya dmn?,0
"Ada mba, harganya 1,6jt/bln. Fasilitasnya air hangat, kamar mandi dalam, tv, tv kabel, wifi, meja, tempat tdr, dan lemari.",0
Ada nya instagram,0
Ada perasaan nyesel gt sedikit. Waktu kuliah. Asa ga merhatin. Ga ngerangkul semua. Aku pribadi hmm,0
Ada semua di panduan pla..dishare di grup ini dan fb,0
"Ada sih yg nikah muda tp (keliatan) bahagia, tp one of a million kayaknya kalo temen2 ku hmm",0
"Ada teh dikpad, ini kontaknya ####",0
Ada yang 400 rb yang kamar mandinya sama2 kalau yang ada kamar mandi di dalam kalau yang kecil 600 dan yang agak besar 700 rb,0
Ada yg lain kok ikan tahu tempe,0
"Ada yg nikah muda, ada yg gagal nikah, ada yg pacaran lama eh putus tapi alesannya karna terlalu sayang jd gak mau nyakitin (pret), ada yg jagain jodoh org, ada yg ah banyak lah wkwk",0
Ada yg tau ruangan pak daya yg di fpmipa b?,0
"Ada yg tdk bisa jam tertentu? Kemungkinan pagi jam 8, tapi nanti diumumkan.",0
Aduh aku ge ini pusing yg mau lamaran siapa yg nyari2 kebutuhan siapa,0
Aigoo banyak banget chatnyaa aku baru liat hape hehehe,0
"Airnya asa kurang lancar, besok ku tanya papa yah,",0
Ajakin ke soekarno hatta aja nama1 . Makan di eatboss soekarno hatta wkwkw,0
"Aku ada spagetti, tp usah kaldaluarsa belum yah",0
Aku bawa daging yg dah direbus gapapa? Yg mentah tinggal tulang2an wkwk,0
Aku besok dtg agak telat jam 8 boleh ngga? Kan jam 10 ya mulainya?,0
"aku delete aja ya, ntar nama1 pull dulu atau sync dulu, ntar masukin yang nama1 , baru push.",0
Aku depan pasca skrng,0
Aku di pt. DI,0
Aku dy wkwk makanya kurang direstui jg krna kejauhan,0
"Aku ga enak euy bilang ke adiknya, adiknya pengen ke pvj nama1  :(",0
Aku ga ke upi sepertinya,0
"Aku ingin pagi, tp masa berdua nama1 doang pake grab :( nunggu nama1 siang :(",0
Aku jg blm berangkt wkwk,0
Aku jg di rumah lg ga ada apa2 gara2 kulkas rusak :( biasanya suka nyetok sayur,0
"Aku jg waktu itu foto tgl 17 juli, katanya selesai 29 agustus :(",0
aku kira bukan besoook :'(,0
"Aku kumpul pon dulu dy, kalo haris kerjanya dari sore mo pacaran dulu dy",0
Aku mah plg kerumah ketemu ayah mama cukup kok :'),0
"Aku mah sering ditinggal jualan, jd mau marah juga ntar alesannya ""duit kan buat km juga"", diem lgsg haha",0
Aku mau bawa balon sm coklat min. Mau nitip?,0
Aku mau nyari data yang dibutuhin dari tabel mana aja.,0
"Aku merasa geleh sendiiri ini lipstik aku merah sekali wkkw, mana dapet dikasih ini jg",0
"aku push yang updatenya, itu udah di template sama adminLTE.",0
Aku senin udah ke tempat kerja. Minggu2 depan aku gaktau bisa/ngga :(,0
Aku teh cuma bawa celana jeans yg tua tp jilbabnya yg muda -_-,0
"Alhamdulillah, makasih yaaa udah meluangkan waktu üòò",0
"Alhamdulillah, puji syukur atas nikmat Allah swt. yang telah memberikan nikmat hidup sampai detik ini sehingga saya masih bisa untuk mengevaluasi diri. Selama itu tentu saya menyadari banyak melakukan kekhilafan dan kesalahan.",0
"Alhamdullilah sudah beres semua :)  Bagi yang mau keluar dari group dipersilahkan, tapi silahkan juga kalau ada yg mau memanfaatkan group ini untuk diskusi dengan topik terkait untuk skripsi/gemastik/kerjaan.",0
AndiPublisher.com#PO0216020925#96000#02-02-2016#BNI#Bank Mandiri,0
Asal pagi pagi ya.. Bjam 10an saya sudah ke jakarta..,0
"nama1  jg text dy, text essay jawaban gt Jd misal nih ada murid sama guru, si guru ngasih ujian, nanti hasil jawaban ujian murid dibandingin sama jawaban dari guru (jawaban yg bener) trs outputnya berupa skor hasil ujian itu",0
nama1 itu msh pake db aku yg lama itu msh anomali bisa nyesuain ga,0
nama1 seharusnya cuman nambah table daftar_ulang_ird + kalau ada masternya. Yg lain kita samain aja ya pake yg aku data_pasien (2).sql,0
"Assalamualaikum akang teteh, jangan lupa ya hari ini ada carrier day jam 10:30, exhibition fpmipa b :) (love) Hayuu teh ditungguuu",0
"Assalamualaikum Bu. Saya nama1 mhsi ilkom 2012 baru dpt pembimbing skripsi. Mohon maaf bu, kalau minggu ini ada di kampus hari ap aj Bu? Terima kasih.",0
"Assalamualaikum pak, mau nanya seputar mobcom sp, apakah harus ikut perkuliahan dari sekarang apa bisa ikut pas sp nanti aja pak? Trims ",0
"assalamualaikum pak, mohon maaf saya mau tanya pak, apakah remedial dwm harus hadir di tempat pak? apa bisa online? mohon maaf sebelumnya",0
Assalamualaikum Pak. Ini dg nama1 ilkom 2012. Maaf Pak td saya ninggalin proposal di meja Bapak di atas printer. Terima kasih Pak.,0
Assalamu'alaikum wr wb. Berikut daftar penguji PLA tahap 4,0
"Assalamu'alaikum, nama1 mau minta bantuan.",0
Assalamualaikum. Ada yg tau kalo file buat penilaian ada di mana? Apa ada di fb?,0
"Atau gaperlu ke kampus nama1 , tolong kirimin kuncinya aja make jne cenah ip",0
"Atuhlah, aku telah meninggalkan yg nyaah, jgn gitulah gais, bisi teringat masa lalu üò¢",0
atulah aku teh udh ngidam sate maranggi dr bulan puasa Ûæåπ naha ka subang teu ngajakan ih,0
"Ayam aja Pak, terus satu paket itu sama isinya ap aja?",0
Ayam kita menunya banyak bu...ada ayam bakar.kremes. cabe ijo. Lada hitam. Asam manis. Rica rica. Baberque. Untuk isinya nasi.ayam.lalapan.sambal. tempe tahu . air mineral gelas. Bu...maaf bu kita ada paket yang 16rb s/d 19rb. Kalau boleh tau anggaran ibu berapa ya,0
"Ayo nama1 semangat skripsian yaaah biar cpt lulus, kerja, dan cpt nikah wkwkwk",0
"bagi yang sudah diuji segera diserahkan dgn dijilid, bagi yg sdg nunggu diuji sabar tuk sesuaikan waktupenguji..",0
Bagi yg tertarik lanjut ke gemastik 2016 ini tempat diskusinya : http://line.me/R/ti/g/xxxxx,0
"Baik Pak, berarti nanti Kamis kami ke kantor lagi",0
"Baik Pak, bsk sekalian kami bawa form penilaian ya Pak, dan berkas lainnya.",0
Bali mah kudu berapa atuh duitnya,0
Baru ngeh chatnya maafkan (maaf),0
"bebas nama1, terus nanti kalau ada tgl libur, pajuin aja misal jadi kamis atau sabtu.",0
Bebas... Senin stuju.. Apa aja yg di kebapain selain program ?,0
Beli es kelapa depan d besto teh,0
Belum de.. Saya kagi nyoba ngejar..,0
"Belum diuji, pa. Insya Allah siang hari ini mau ke kampus, dan mudah2an pa eka nya ada.",0
"Bentar lg ke gik, buru2 ga? Kalo buru2 nitip yg ngontrak ipc aj",0
Berarti saya ke palasari nya skrg .. abis itu langsung ke gik,0
Besok aku kasihin softfilenya gpp?,0
Besok dwm jadi ya praktikum weka. Bawa laptop.,0
"besok jam berapaa? harus jadi ih, udah 2 kali skip üòÇ",0
Besok kekantor saya tunggu jam 9 ya..,0
Besok mau ke kampus lagi ga?,0
Besok saya ada rapat dinas.. Selasa aja ya...,0
Besok siang ya jam 2,0
Besok yuk dua jam bih dari jam 4-6,0
"beu atuh sekarang, sambil nunggu yg pulang ppl",0
